short_name,full_name,address,status
Tbank,Tbank,Moscow,True
Sber,Sber,Moscow,True
Alfabank,Alfabank,Moscow,True
Vtb,Vtb,Moscow,True
Sovkombank,Sovkombank,Moscow,True
Akbars,Akbars,Moscow,True
Finuslugi,Finuslugi,Moscow,True